{"v":"2.5","w":375,"h":667,"fps":10,"mc":false,"l":[{"d":0,"c":"#ffffff","n":2,"r":1,"w":1,"v":0.1,"x":0,"y":0,"f":[0,0]},{"d":1,"c":"#ffffff","n":2,"r":1,"w":1,"v":0.1,"x":0,"y":0,"f":[0,0]},{"d":5,"c":"#ffffff","n":2,"r":1,"w":1,"v":0.1,"x":0,"y":0,"f":[0,0]}],"s":{},"d":[[[122,211],[122,211],[121,213],[121,219],[121,231],[121,241],[123,246],[128,249],[133,250],[135,249],[136,247],0,[113,232],[113,233],[120,233],[128,233],[136,232],0,[148,231],[149,231],[154,237],[154,243],[154,246],[153,245],[147,242],[142,242],[142,243],[145,245],[148,248],[152,249],[156,246],0,[164,237],[164,236],[166,245],[167,259],[167,261],[167,259],[167,245],[169,239],[175,236],[177,236],[177,241],[176,245],[170,246],[166,243],0,[200,218],[200,218],[200,221],[200,230],[200,239],[200,246],[203,248],[211,249],[213,248],0,[192,234],[192,234],[195,234],[203,232],[207,232],[210,232],[210,232],0,[223,234],[223,235],[221,239],[220,244],[223,247],[230,247],[235,245],[236,240],[231,238],[226,236],[223,235],0,[135,284],[135,284],[136,289],[137,300],[138,313],[138,315],[138,313],[137,305],[136,296],[141,288],[148,286],[151,289],[152,293],[149,296],[144,297],[142,295],0,[163,276],[163,275],[163,280],[163,294],[163,301],[164,301],[164,296],0,[172,286],[172,286],[174,284],[177,283],[180,286],[182,296],[182,299],[182,297],[178,293],[172,292],[171,292],[171,295],[173,297],[179,297],[185,296],[186,296],0,[193,285],[192,285],[192,286],[195,293],[198,296],[198,296],0,[204,284],[204,283],[204,284],[203,295],[203,304],[201,311],[198,316],[194,319],[191,321],[189,320],0],[[131,346]],null,null,null,[[161.16796875,365.47265625],[162.16796875,365.47265625],[161.16796875,365.47265625],0,[170,365],[171,365],[170,365],[169,365],0,[195,362],[195,363],[195,362],[194,362],0,[238,350],[239,351],0,[269,335],[268,336],0,[284,316],[283,317],[285,316],[284,317],0,[287,287],[287,288],[288,287],0,[277,250],[277,251],[277,250],0,[257,217],[256,217],[256,217],0,[216,196],[216,196],[216,196],[216,196],0,[177,190],[177,190],[178,191],[176,190],0,[124,196],[124,196],[123,197],0,[88,213],[88,214],0,[78,240],[78,240],0,[74,273],[75,273],0,[81,304],[81,304],[82,305],[80,304],0,[91,325],[91,325],[92,326],0,[103,341],[104,341],0,[119,351],[118,351],[119,352],0,[133,358],[134,359],[132,359],0,[147,363],[148,364],0,0]]}